Instance,#cols,#rows,D3X_Time,D3XZ_Time,D3X_Sols,D3XZ_Sols,ZDD_Size
AsnetAm.zdd,,,timeout,,,,
AttMpls.zdd,,,timeout,,,,
Bellcanada.zdd,,,timeout,,,,
Bellsouth.zdd,,,timeout,,,,
BeyondTheNetwork.zdd,,,timeout,,,,
BtNorthAmerica.zdd,,,timeout,,,,
Cernet.zdd,,,timeout,,,,
Cesnet200706.zdd,,,timeout,,,,
Cesnet201006.zdd,,,timeout,,,,
Chinanet.zdd,,,419.1889,,7691190,,
Cogentco.zdd,,,timeout,,,,
Colt.zdd,,,timeout,,,,
Columbus.zdd,,,timeout,,,,
Cudi.zdd,,,timeout,,,,
Deltacom.zdd,,,timeout,,,,
DeutscheTelekom.zdd,,,timeout,,,,
Dfn.zdd,,,timeout,,,,
DialtelecomCz.zdd,,,timeout,,,,
Esnet.zdd,,,timeout,,,,
Forthnet.zdd,,,timeout,,,,
Garr200902.zdd,,,timeout,,,,
Garr200908.zdd,,,timeout,,,,
Garr200909.zdd,,,timeout,,,,
Garr200912.zdd,,,timeout,,,,
Garr201001.zdd,,,timeout,,,,
Garr201003.zdd,,,timeout,,,,
Garr201004.zdd,,,timeout,,,,
Garr201005.zdd,,,timeout,,,,
Garr201007.zdd,,,timeout,,,,
Garr201008.zdd,,,timeout,,,,
Garr201010.zdd,,,timeout,,,,
Garr201012.zdd,,,timeout,,,,
Garr201101.zdd,,,timeout,,,,
Garr201102.zdd,,,timeout,,,,
Garr201103.zdd,,,timeout,,,,
Garr201104.zdd,,,timeout,,,,
Garr201105.zdd,,,timeout,,,,
Garr201107.zdd,,,timeout,,,,
Garr201108.zdd,,,timeout,,,,
Garr201109.zdd,,,timeout,,,,
Garr201110.zdd,,,timeout,,,,
Garr201111.zdd,,,timeout,,,,
Garr201112.zdd,,,timeout,,,,
Garr201201.zdd,,,timeout,,,,
Geant2009.zdd,,,timeout,,,,
Geant2010.zdd,,,timeout,,,,
Geant2012.zdd,,,timeout,,,,
Globenet.zdd,,,timeout,,,,
GtsCe.zdd,,,timeout,,,,
HiberniaGlobal.zdd,,,timeout,,,,
Highwinds.zdd,,,97.1394,,2620625,,
Iij.zdd,,,timeout,,,,
Intellifiber.zdd,,,timeout,,,,
Internode.zdd,,,timeout,,,,
Interoute.zdd,,,timeout,,,,
Intranetwork.zdd,,,timeout,,,,
Ion.zdd,,,timeout,,,,
Iris.zdd,,,timeout,,,,
Kdl.zdd,,,0.4453 (WARNING: 0 solutions),,0,,
Latnet.zdd,,,timeout,,,,
Missouri.zdd,,,timeout,,,,
Ntelos.zdd,,,timeout,,,,
Ntt.zdd,,,timeout,,,,
Oteglobe.zdd,,,timeout,,,,
Palmetto.zdd,,,timeout,,,,
Pern.zdd,,,timeout,,,,
PionierL3.zdd,,,timeout,,,,
RedBestel.zdd,,,timeout,,,,
Renater2010.zdd,,,timeout,,,,
RoedunetFibre.zdd,,,timeout,,,,
Sinet.zdd,,,timeout,,,,
Surfnet.zdd,,,timeout,,,,
Switch.zdd,,,timeout,,,,
SwitchL3.zdd,,,timeout,,,,
Syringa.zdd,,,timeout,,,,
TataNld.zdd,,,timeout,,,,
Telcove.zdd,,,timeout,,,,
Tinet.zdd,,,timeout,,,,
Tw.zdd,,,timeout,,,,
Ulaknet.zdd,,,timeout,,,,
Uninett2010.zdd,,,timeout,,,,
Uninett2011.zdd,,,timeout,,,,
UsCarrier.zdd,,,timeout,,,,
UsSignal.zdd,,,timeout,,,,
Uunet.zdd,,,timeout,,,,
VtlWavenet2008.zdd,,,timeout,,,,
VtlWavenet2011.zdd,,,timeout,,,,
bell-06.zdd,,,0.0056,,203,,
bell-07.zdd,,,0.0205,,877,,
bell-08.zdd,,,0.0899,,4140,,
bell-09.zdd,,,0.3209,,21147,,
bell-10.zdd,,,2.0631,,115975,,
bell-11.zdd,,,9.4266,,678570,,
bell-12.zdd,,,58.3416,,4213597,,
delta.zdd,,,34.5262,,27,,
dominoes_10x10.zdd,,,timeout,,,,
dominoes_10x12.zdd,,,timeout,,,,
dominoes_12x12.zdd,,,timeout,,,,
dominoes_8x10.zdd,,,timeout,,,,
dominoes_8x8.zdd,,,638.4665,,12988816,,
doublefact-09.zdd,,,0.0484,,945,,
doublefact-11.zdd,,,0.2833,,10395,,
doublefact-13.zdd,,,4.2553,,135135,,
doublefact-15.zdd,,,54.6241,,2027025,,
doublefact-17.zdd,,,941.2477,,34459425,,
doublefact-19.zdd,,,timeout,,,,
doublefact-21.zdd,,,timeout,,,,
doublefact-23.zdd,,,timeout,,,,
doublefact-25.zdd,,,timeout,,,,
doublefact-27.zdd,,,timeout,,,,
doublefact-29.zdd,,,timeout,,,,
exotic_fives.zdd,,,timeout,,,,
grafo10006.98.zdd,,,timeout,,,,
grafo10017.96.zdd,,,timeout,,,,
grafo10072.97.zdd,,,timeout,,,,
grafo10084.97.zdd,,,timeout,,,,
grafo10093.98.zdd,,,timeout,,,,
grafo10099.94.zdd,,,timeout,,,,
grafo10100.99.zdd,,,timeout,,,,
grafo10105.93.zdd,,,timeout,,,,
grafo10112.98.zdd,,,timeout,,,,
grafo10113.94.zdd,,,timeout,,,,
grafo10116.100.zdd,,,timeout,,,,
grafo10124.100.zdd,,,timeout,,,,
grafo10126.98.zdd,,,timeout,,,,
grafo10129.99.zdd,,,timeout,,,,
grafo10130.97.zdd,,,timeout,,,,
grafo10146.97.zdd,,,timeout,,,,
grafo10151.94.zdd,,,timeout,,,,
grafo10153.100.zdd,,,timeout,,,,
grafo10156.97.zdd,,,timeout,,,,
grafo10160.96.zdd,,,timeout,,,,
grafo10161.99.zdd,,,timeout,,,,
grafo10162.93.zdd,,,timeout,,,,
grafo10164.98.zdd,,,timeout,,,,
grafo10171.99.zdd,,,timeout,,,,
grafo10173.97.zdd,,,timeout,,,,
grafo10175.99.zdd,,,timeout,,,,
grafo10176.97.zdd,,,timeout,,,,
grafo10179.97.zdd,,,timeout,,,,
grafo10184.100.zdd,,,timeout,,,,
grafo10195.99.zdd,,,timeout,,,,
grafo10203.97.zdd,,,timeout,,,,
grafo10204.100.zdd,,,timeout,,,,
grafo10205.97.zdd,,,timeout,,,,
grafo10207.98.zdd,,,timeout,,,,
grafo10209.99.zdd,,,timeout,,,,
grafo10215.93.zdd,,,timeout,,,,
grafo10218.99.zdd,,,timeout,,,,
grafo10220.97.zdd,,,timeout,,,,
grafo10223.100.zdd,,,timeout,,,,
grafo10237.100.zdd,,,timeout,,,,
grafo10244.99.zdd,,,timeout,,,,
grafo10250.100.zdd,,,timeout,,,,
grafo10259.100.zdd,,,timeout,,,,
grafo10262.100.zdd,,,timeout,,,,
grafo10265.100.zdd,,,timeout,,,,
grafo10266.94.zdd,,,timeout,,,,
grafo10269.99.zdd,,,timeout,,,,
grafo10273.97.zdd,,,timeout,,,,
grafo10275.97.zdd,,,timeout,,,,
grafo10288.95.zdd,,,timeout,,,,
grafo10291.93.zdd,,,timeout,,,,
grafo10292.100.zdd,,,timeout,,,,
grafo10293.99.zdd,,,timeout,,,,
grafo10297.98.zdd,,,timeout,,,,
grafo10298.97.zdd,,,timeout,,,,
grafo10303.96.zdd,,,timeout,,,,
grafo10305.100.zdd,,,timeout,,,,
grafo10318.98.zdd,,,timeout,,,,
grafo10325.96.zdd,,,timeout,,,,
grafo10327.97.zdd,,,timeout,,,,
grafo10339.95.zdd,,,timeout,,,,
grafo10346.97.zdd,,,timeout,,,,
grafo10351.97.zdd,,,timeout,,,,
grafo10353.99.zdd,,,timeout,,,,
grafo10354.99.zdd,,,timeout,,,,
grafo10359.95.zdd,,,timeout,,,,
grafo10362.94.zdd,,,timeout,,,,
grafo10365.97.zdd,,,timeout,,,,
grafo10369.100.zdd,,,timeout,,,,
grafo10382.94.zdd,,,timeout,,,,
grafo10383.99.zdd,,,timeout,,,,
grafo10387.97.zdd,,,timeout,,,,
grafo10388.95.zdd,,,timeout,,,,
grafo10393.96.zdd,,,timeout,,,,
grafo10405.97.zdd,,,timeout,,,,
grafo10409.96.zdd,,,timeout,,,,
grafo10416.96.zdd,,,timeout,,,,
grafo10418.100.zdd,,,timeout,,,,
grafo10420.97.zdd,,,timeout,,,,
grafo10421.99.zdd,,,timeout,,,,
grafo10426.100.zdd,,,timeout,,,,
grafo10432.99.zdd,,,timeout,,,,
grafo10434.98.zdd,,,timeout,,,,
grafo10436.95.zdd,,,timeout,,,,
grafo10441.98.zdd,,,timeout,,,,
grafo10444.100.zdd,,,timeout,,,,
grafo10445.94.zdd,,,timeout,,,,
grafo10446.95.zdd,,,timeout,,,,
grafo10452.94.zdd,,,timeout,,,,
grafo10453.97.zdd,,,timeout,,,,
grafo10467.100.zdd,,,timeout,,,,
grafo10469.100.zdd,,,timeout,,,,
grafo10474.94.zdd,,,timeout,,,,
grafo10484.99.zdd,,,timeout,,,,
grafo10488.98.zdd,,,timeout,,,,
grafo10489.95.zdd,,,timeout,,,,
grafo10491.97.zdd,,,timeout,,,,
grafo10492.96.zdd,,,timeout,,,,
grafo10496.98.zdd,,,timeout,,,,
grafo10501.96.zdd,,,timeout,,,,
grafo10502.91.zdd,,,timeout,,,,
grafo10508.100.zdd,,,timeout,,,,
grafo10516.94.zdd,,,timeout,,,,
grafo10522.99.zdd,,,timeout,,,,
grafo10523.97.zdd,,,timeout,,,,
grafo10532.99.zdd,,,timeout,,,,
grafo10533.100.zdd,,,timeout,,,,
grafo10534.100.zdd,,,timeout,,,,
grafo10536.99.zdd,,,timeout,,,,
grafo10537.95.zdd,,,timeout,,,,
grafo10538.100.zdd,,,timeout,,,,
grafo10547.94.zdd,,,timeout,,,,
grafo10549.99.zdd,,,timeout,,,,
grafo10552.96.zdd,,,timeout,,,,
grafo10560.95.zdd,,,timeout,,,,
grafo10575.99.zdd,,,timeout,,,,
grafo10577.100.zdd,,,timeout,,,,
grafo10578.96.zdd,,,timeout,,,,
grafo10586.100.zdd,,,timeout,,,,
grafo10589.93.zdd,,,timeout,,,,
grafo10592.98.zdd,,,timeout,,,,
grafo10596.99.zdd,,,timeout,,,,
grafo10603.100.zdd,,,timeout,,,,
grafo10608.93.zdd,,,timeout,,,,
grafo10624.91.zdd,,,timeout,,,,
grafo10626.100.zdd,,,timeout,,,,
grafo10630.94.zdd,,,timeout,,,,
grafo10632.100.zdd,,,timeout,,,,
grafo10633.100.zdd,,,timeout,,,,
grafo10634.96.zdd,,,timeout,,,,
grafo10635.95.zdd,,,timeout,,,,
grafo10637.94.zdd,,,timeout,,,,
grafo10638.100.zdd,,,timeout,,,,
grafo10644.100.zdd,,,timeout,,,,
grafo10646.100.zdd,,,timeout,,,,
grafo10648.98.zdd,,,timeout,,,,
grafo10650.98.zdd,,,timeout,,,,
grafo10652.100.zdd,,,timeout,,,,
grafo10653.100.zdd,,,timeout,,,,
grafo10662.100.zdd,,,timeout,,,,
grafo10663.99.zdd,,,timeout,,,,
grafo10670.100.zdd,,,timeout,,,,
grafo10671.100.zdd,,,timeout,,,,
grafo10674.99.zdd,,,timeout,,,,
grafo10676.100.zdd,,,timeout,,,,
grafo10685.98.zdd,,,timeout,,,,
grafo10688.95.zdd,,,timeout,,,,
grafo10689.98.zdd,,,timeout,,,,
grafo10693.98.zdd,,,timeout,,,,
grafo10694.96.zdd,,,timeout,,,,
grafo10695.98.zdd,,,timeout,,,,
grafo10696.99.zdd,,,timeout,,,,
grafo10698.95.zdd,,,timeout,,,,
grafo10700.98.zdd,,,timeout,,,,
grafo10712.98.zdd,,,timeout,,,,
grafo10713.92.zdd,,,timeout,,,,
grafo10714.99.zdd,,,timeout,,,,
grafo10722.96.zdd,,,timeout,,,,
grafo10726.99.zdd,,,timeout,,,,
grafo10735.99.zdd,,,timeout,,,,
grafo10736.99.zdd,,,timeout,,,,
grafo10737.99.zdd,,,timeout,,,,
grafo10750.100.zdd,,,timeout,,,,
grafo10758.96.zdd,,,timeout,,,,
grafo10760.96.zdd,,,timeout,,,,
grafo10772.100.zdd,,,timeout,,,,
grafo10780.99.zdd,,,timeout,,,,
grafo10781.100.zdd,,,timeout,,,,
grafo10792.98.zdd,,,timeout,,,,
grafo10806.97.zdd,,,timeout,,,,
grafo10807.95.zdd,,,timeout,,,,
grafo10808.98.zdd,,,timeout,,,,
grafo10810.97.zdd,,,timeout,,,,
grafo10811.96.zdd,,,timeout,,,,
grafo10814.98.zdd,,,timeout,,,,
grafo10820.100.zdd,,,timeout,,,,
grafo10825.98.zdd,,,timeout,,,,
grafo10827.99.zdd,,,timeout,,,,
grafo10829.97.zdd,,,timeout,,,,
grafo10831.98.zdd,,,timeout,,,,
grafo10832.94.zdd,,,timeout,,,,
grafo10836.97.zdd,,,timeout,,,,
grafo10849.95.zdd,,,timeout,,,,
grafo10854.99.zdd,,,timeout,,,,
grafo10859.97.zdd,,,timeout,,,,
grafo10860.93.zdd,,,timeout,,,,
grafo10861.100.zdd,,,timeout,,,,
grafo10862.98.zdd,,,timeout,,,,
grafo10864.99.zdd,,,timeout,,,,
grafo10865.100.zdd,,,timeout,,,,
grafo10866.98.zdd,,,timeout,,,,
grafo10876.98.zdd,,,timeout,,,,
grafo10878.94.zdd,,,timeout,,,,
grafo10882.95.zdd,,,timeout,,,,
grafo10883.93.zdd,,,timeout,,,,
grafo10898.95.zdd,,,timeout,,,,
grafo10905.97.zdd,,,timeout,,,,
grafo10907.99.zdd,,,timeout,,,,
grafo10908.98.zdd,,,timeout,,,,
grafo10911.100.zdd,,,timeout,,,,
grafo10918.98.zdd,,,timeout,,,,
grafo10919.97.zdd,,,timeout,,,,
grafo10926.99.zdd,,,timeout,,,,
grafo10928.100.zdd,,,timeout,,,,
grafo10937.100.zdd,,,timeout,,,,
grafo10943.95.zdd,,,timeout,,,,
grafo10945.98.zdd,,,timeout,,,,
grafo10950.97.zdd,,,timeout,,,,
grafo10952.96.zdd,,,timeout,,,,
grafo10958.98.zdd,,,timeout,,,,
grafo10962.100.zdd,,,timeout,,,,
grafo10970.100.zdd,,,timeout,,,,
grafo10972.95.zdd,,,timeout,,,,
grafo10976.92.zdd,,,timeout,,,,
grafo10998.100.zdd,,,timeout,,,,
grafo11000.99.zdd,,,timeout,,,,
grafo11001.97.zdd,,,timeout,,,,
grafo11003.100.zdd,,,timeout,,,,
grafo11008.99.zdd,,,timeout,,,,
grafo11011.100.zdd,,,timeout,,,,
grafo11014.100.zdd,,,timeout,,,,
grafo11015.98.zdd,,,timeout,,,,
grafo11016.98.zdd,,,timeout,,,,
grafo11020.100.zdd,,,timeout,,,,
grafo11035.99.zdd,,,timeout,,,,
grafo11037.99.zdd,,,timeout,,,,
grafo11039.96.zdd,,,timeout,,,,
grafo11044.95.zdd,,,timeout,,,,
grafo11047.92.zdd,,,timeout,,,,
grafo11050.98.zdd,,,timeout,,,,
grafo11056.98.zdd,,,timeout,,,,
grafo11060.99.zdd,,,timeout,,,,
grafo11067.98.zdd,,,timeout,,,,
grafo11069.93.zdd,,,timeout,,,,
grafo11070.94.zdd,,,timeout,,,,
grafo11072.98.zdd,,,timeout,,,,
grafo11073.100.zdd,,,timeout,,,,
grafo11076.97.zdd,,,timeout,,,,
grafo11088.97.zdd,,,timeout,,,,
grafo11096.97.zdd,,,timeout,,,,
grafo11099.99.zdd,,,timeout,,,,
grafo11100.95.zdd,,,timeout,,,,
grafo11101.95.zdd,,,timeout,,,,
grafo11102.98.zdd,,,timeout,,,,
grafo11105.95.zdd,,,timeout,,,,
grafo11106.99.zdd,,,timeout,,,,
grafo11110.99.zdd,,,timeout,,,,
grafo11112.96.zdd,,,timeout,,,,
grafo11113.98.zdd,,,timeout,,,,
grafo11114.93.zdd,,,timeout,,,,
grafo11115.92.zdd,,,timeout,,,,
grafo11119.98.zdd,,,timeout,,,,
grafo11125.100.zdd,,,timeout,,,,
grafo11140.98.zdd,,,timeout,,,,
grafo11142.99.zdd,,,timeout,,,,
grafo11143.98.zdd,,,timeout,,,,
grafo11144.92.zdd,,,timeout,,,,
grafo11145.99.zdd,,,timeout,,,,
grafo11148.99.zdd,,,timeout,,,,
grafo11149.100.zdd,,,timeout,,,,
grafo11157.100.zdd,,,timeout,,,,
grafo11162.100.zdd,,,timeout,,,,
grafo11176.100.zdd,,,timeout,,,,
grafo11178.95.zdd,,,timeout,,,,
grafo11181.95.zdd,,,timeout,,,,
grafo11198.98.zdd,,,timeout,,,,
grafo11201.99.zdd,,,timeout,,,,
grafo11204.99.zdd,,,timeout,,,,
grafo11218.99.zdd,,,timeout,,,,
grafo11223.99.zdd,,,timeout,,,,
grafo11227.100.zdd,,,timeout,,,,
grafo11250.99.zdd,,,timeout,,,,
grafo11251.93.zdd,,,timeout,,,,
grafo11254.99.zdd,,,timeout,,,,
grafo11271.99.zdd,,,timeout,,,,
grafo11280.99.zdd,,,timeout,,,,
grafo11313.96.zdd,,,timeout,,,,
grafo11324.100.zdd,,,timeout,,,,
grafo11335.100.zdd,,,timeout,,,,
grafo11369.96.zdd,,,timeout,,,,
grafo11458.100.zdd,,,timeout,,,,
grafo11469.96.zdd,,,timeout,,,,
grafo11546.97.zdd,,,timeout,,,,
grafo11569.93.zdd,,,timeout,,,,
grafo3224.98.zdd,,,timeout,,,,
grafo3435.99.zdd,,,timeout,,,,
grafo3532.99.zdd,,,timeout,,,,
grafo3680.99.zdd,,,timeout,,,,
grafo3712.95.zdd,,,timeout,,,,
grafo3861.99.zdd,,,timeout,,,,
grafo3890.96.zdd,,,timeout,,,,
grafo3898.99.zdd,,,timeout,,,,
grafo3979.98.zdd,,,timeout,,,,
grafo3995.97.zdd,,,timeout,,,,
grafo4091.99.zdd,,,timeout,,,,
grafo6562.98.zdd,,,timeout,,,,
grafo6625.99.zdd,,,timeout,,,,
grafo6975.39.zdd,,,timeout,,,,
grafo7221.99.zdd,,,timeout,,,,
grafo7263.99.zdd,,,timeout,,,,
grafo7417.39.zdd,,,timeout,,,,
grafo7785.100.zdd,,,timeout,,,,
grafo7797.100.zdd,,,timeout,,,,
grafo7907.80.zdd,,,timeout,,,,
grafo7936.89.zdd,,,timeout,,,,
grafo8008.95.zdd,,,timeout,,,,
grafo8127.78.zdd,,,timeout,,,,
grafo8198.99.zdd,,,timeout,,,,
grafo8223.99.zdd,,,timeout,,,,
grafo8373.100.zdd,,,timeout,,,,
grafo8478.98.zdd,,,timeout,,,,
grafo8490.95.zdd,,,timeout,,,,
grafo8510.100.zdd,,,timeout,,,,
grafo8513.100.zdd,,,timeout,,,,
grafo8549.100.zdd,,,timeout,,,,
grafo8566.98.zdd,,,timeout,,,,
grafo8571.94.zdd,,,timeout,,,,
grafo8673.98.zdd,,,timeout,,,,
grafo8674.100.zdd,,,timeout,,,,
grafo8719.93.zdd,,,timeout,,,,
grafo8739.99.zdd,,,timeout,,,,
grafo8777.98.zdd,,,timeout,,,,
grafo8780.96.zdd,,,timeout,,,,
grafo8791.94.zdd,,,timeout,,,,
grafo8793.100.zdd,,,timeout,,,,
grafo8805.80.zdd,,,timeout,,,,
grafo8812.99.zdd,,,timeout,,,,
grafo8823.93.zdd,,,timeout,,,,
grafo8826.100.zdd,,,timeout,,,,
grafo8857.99.zdd,,,timeout,,,,
grafo8864.98.zdd,,,timeout,,,,
grafo8865.100.zdd,,,timeout,,,,
grafo8867.97.zdd,,,timeout,,,,
grafo8882.100.zdd,,,timeout,,,,
grafo8892.100.zdd,,,timeout,,,,
grafo8893.96.zdd,,,timeout,,,,
grafo8921.98.zdd,,,timeout,,,,
grafo8943.98.zdd,,,timeout,,,,
grafo8963.92.zdd,,,timeout,,,,
grafo8997.96.zdd,,,timeout,,,,
grafo9008.91.zdd,,,timeout,,,,
grafo9357.99.zdd,,,timeout,,,,
grafo9362.98.zdd,,,timeout,,,,
grafo9542.87.zdd,,,timeout,,,,
grafo9691.79.zdd,,,timeout,,,,
grafo9738.100.zdd,,,timeout,,,,
grafo9788.80.zdd,,,timeout,,,,
grafo9973.96.zdd,,,timeout,,,,
grafo9984.96.zdd,,,timeout,,,,
grafo9995.94.zdd,,,timeout,,,,
heart.zdd,,,timeout,,,,
kts15-ptpt-0001.zdd,,,0.1485 (WARNING: 0 solutions),,0,,
kts15-ptpt-0002.zdd,,,0.1715 (WARNING: 0 solutions),,0,,
kts15-ptpt-0003.zdd,,,0.1673,,8,,
kts15-ptpt-0004.zdd,,,0.2603,,1,,
kts15-ptpt-0005.zdd,,,0.1658 (WARNING: 0 solutions),,0,,
kts15-ptpt-0006.zdd,,,0.2362,,8,,
kts15-ptpt-0007.zdd,,,0.2224,,12,,
kts15-ptpt-0008.zdd,,,0.2336 (WARNING: 0 solutions),,0,,
kts15-ptpt-0009.zdd,,,0.2752,,6,,
kts15-ptpt-0010.zdd,,,0.2408 (WARNING: 0 solutions),,0,,
kts15-ptpt-0011.zdd,,,0.2904,,4,,
kts15-ptpt-0012.zdd,,,0.1237,,4,,
kts15-ptpt-0013.zdd,,,0.3415,,24,,
kts15-ptpt-0014.zdd,,,0.3541,,8,,
kts15-ptpt-0015.zdd,,,0.3079,,14,,
kts15-ptpt-0016.zdd,,,0.2549,,6,,
kts15-ptpt-0017.zdd,,,0.2161,,24,,
kts15-ptpt-0018.zdd,,,0.2559,,8,,
kts15-ptpt-0019.zdd,,,0.2744 (WARNING: 0 solutions),,0,,
kts15-ptpt-0020.zdd,,,0.3826,,8,,
kts15-ptpt-0021.zdd,,,0.3788,,72,,
kts21-ptpt-0001.zdd,,,timeout,,,,
kts21-ptpt-0002.zdd,,,timeout,,,,
kts21-ptpt-0003.zdd,,,timeout,,,,
kts21-ptpt-0004.zdd,,,timeout,,,,
kts21-ptpt-0005.zdd,,,timeout,,,,
kts21-ptpt-0006.zdd,,,timeout,,,,
kts21-ptpt-0007.zdd,,,timeout,,,,
kts21-ptpt-0008.zdd,,,timeout,,,,
kts21-ptpt-0009.zdd,,,timeout,,,,
kts21-ptpt-0010.zdd,,,timeout,,,,
kts21-ptpt-0011.zdd,,,timeout,,,,
kts21-ptpt-0012.zdd,,,timeout,,,,
kts21-ptpt-0013.zdd,,,timeout,,,,
kts21-ptpt-0014.zdd,,,timeout,,,,
kts21-ptpt-0015.zdd,,,timeout,,,,
kts21-ptpt-0016.zdd,,,timeout,,,,
kts21-ptpt-0017.zdd,,,timeout,,,,
kts21-ptpt-0018.zdd,,,timeout,,,,
kts21-ptpt-0019.zdd,,,timeout,,,,
kts21-ptpt-0020.zdd,,,timeout,,,,
kts21-ptpt-0021.zdd,,,timeout,,,,
kts21-ptpt-0022.zdd,,,timeout,,,,
kts21-ptpt-0023.zdd,,,timeout,,,,
kts21-ptpt-0024.zdd,,,timeout,,,,
kts21-ptpt-0025.zdd,,,timeout,,,,
kts21-ptpt-0026.zdd,,,timeout,,,,
kts21-ptpt-0027.zdd,,,timeout,,,,
kts21-ptpt-0028.zdd,,,timeout,,,,
kts21-ptpt-0029.zdd,,,timeout,,,,
kts21-ptpt-0030.zdd,,,timeout,,,,
kts21-ptpt-0031.zdd,,,timeout,,,,
kts21-ptpt-0032.zdd,,,timeout,,,,
kts21-ptpt-0033.zdd,,,timeout,,,,
kts21-ptpt-0034.zdd,,,timeout,,,,
kts21-ptpt-0035.zdd,,,timeout,,,,
kts21-ptpt-0036.zdd,,,timeout,,,,
kts21-ptpt-0037.zdd,,,timeout,,,,
kts21-ptpt-0038.zdd,,,timeout,,,,
kts21-ptpt-0039.zdd,,,timeout,,,,
kts21-ptpt-0040.zdd,,,timeout,,,,
kts21-ptpt-0041.zdd,,,timeout,,,,
kts21-ptpt-0042.zdd,,,timeout,,,,
kts21-ptpt-0043.zdd,,,timeout,,,,
kts21-ptpt-0044.zdd,,,timeout,,,,
kts21-ptpt-0045.zdd,,,timeout,,,,
kts21-ptpt-0046.zdd,,,timeout,,,,
kts21-ptpt-0047.zdd,,,timeout,,,,
kts21-ptpt-0048.zdd,,,timeout,,,,
kts21-ptpt-0049.zdd,,,timeout,,,,
kts21-ptpt-0050.zdd,,,timeout,,,,
kts21-ptpt-0051.zdd,,,timeout,,,,
kts21-ptpt-0052.zdd,,,timeout,,,,
kts21-ptpt-0053.zdd,,,timeout,,,,
kts21-ptpt-0054.zdd,,,timeout,,,,
kts21-ptpt-0055.zdd,,,timeout,,,,
kts21-ptpt-0056.zdd,,,timeout,,,,
kts21-ptpt-0057.zdd,,,timeout,,,,
kts21-ptpt-0058.zdd,,,timeout,,,,
kts21-ptpt-0059.zdd,,,timeout,,,,
kts21-ptpt-0060.zdd,,,timeout,,,,
kts21-ptpt-0061.zdd,,,timeout,,,,
kts21-ptpt-0062.zdd,,,timeout,,,,
kts21-ptpt-0063.zdd,,,timeout,,,,
kts21-ptpt-0064.zdd,,,timeout,,,,
kts21-ptpt-0065.zdd,,,timeout,,,,
kts21-ptpt-0066.zdd,,,timeout,,,,
kts21-ptpt-0067.zdd,,,timeout,,,,
kts21-ptpt-0068.zdd,,,timeout,,,,
kts21-ptpt-0069.zdd,,,timeout,,,,
kts21-ptpt-0070.zdd,,,timeout,,,,
kts21-ptpt-0071.zdd,,,timeout,,,,
kts21-ptpt-0072.zdd,,,timeout,,,,
kts21-ptpt-0073.zdd,,,timeout,,,,
kts21-ptpt-0074.zdd,,,timeout,,,,
kts21-ptpt-0075.zdd,,,timeout,,,,
kts21-ptpt-0076.zdd,,,timeout,,,,
kts21-ptpt-0077.zdd,,,timeout,,,,
kts21-ptpt-0078.zdd,,,timeout,,,,
kts21-ptpt-0079.zdd,,,timeout,,,,
kts21-ptpt-0080.zdd,,,timeout,,,,
kts21-ptpt-0081.zdd,,,timeout,,,,
kts21-ptpt-0082.zdd,,,timeout,,,,
kts21-ptpt-0083.zdd,,,timeout,,,,
kts21-ptpt-0084.zdd,,,timeout,,,,
kts21-ptpt-0085.zdd,,,timeout,,,,
kts21-ptpt-0086.zdd,,,timeout,,,,
kts21-ptpt-0087.zdd,,,timeout,,,,
kts21-ptpt-0088.zdd,,,timeout,,,,
kts21-ptpt-0089.zdd,,,timeout,,,,
kts21-ptpt-0090.zdd,,,timeout,,,,
kts21-ptpt-0091.zdd,,,timeout,,,,
kts21-ptpt-0092.zdd,,,timeout,,,,
kts21-ptpt-0093.zdd,,,timeout,,,,
kts21-ptpt-0094.zdd,,,timeout,,,,
kts21-ptpt-0095.zdd,,,timeout,,,,
kts21-ptpt-0096.zdd,,,timeout,,,,
kts21-ptpt-0097.zdd,,,timeout,,,,
kts21-ptpt-0098.zdd,,,timeout,,,,
kts21-ptpt-0099.zdd,,,timeout,,,,
kts21-ptpt-0100.zdd,,,timeout,,,,
latin6-blk-00001.zdd,,,0.0088,,48,,
latin6-blk-00002.zdd,,,0.0097,,56,,
latin6-blk-00003.zdd,,,0.0125,,80,,
latin6-blk-00004.zdd,,,0.0107,,72,,
latin6-blk-00005.zdd,,,0.0125,,80,,
latin6-blk-00006.zdd,,,0.0123,,88,,
latin6-blk-00007.zdd,,,0.0117,,80,,
latin7-blk-00001.zdd,,,1.9853,,10752,,
latin7-blk-00002.zdd,,,2.5109,,14976,,
latin7-blk-00003.zdd,,,2.7894,,17280,,
latin7-blk-00004.zdd,,,3.1116,,19840,,
latin7-blk-00005.zdd,,,3.1489,,20480,,
latin7-blk-00006.zdd,,,4.1105,,29056,,
latin7-blk-00007.zdd,,,3.5446,,23616,,
latin7-blk-00008.zdd,,,3.9938,,27072,,
latin7-blk-00009.zdd,,,4.0065,,27776,,
latin8-blk-00001.zdd,,,timeout,,,,
latin8-blk-00002.zdd,,,timeout,,,,
latin8-blk-00003.zdd,,,timeout,,,,
latin8-blk-00004.zdd,,,timeout,,,,
latin8-blk-00005.zdd,,,timeout,,,,
latin8-blk-00006.zdd,,,timeout,,,,
latin8-blk-00007.zdd,,,timeout,,,,
latin8-blk-00008.zdd,,,timeout,,,,
latin8-blk-00009.zdd,,,timeout,,,,
latin8-blk-00010.zdd,,,timeout,,,,
latin8-blk-00011.zdd,,,timeout,,,,
latin8-blk-00012.zdd,,,timeout,,,,
latin8-blk-00013.zdd,,,timeout,,,,
latin8-blk-00014.zdd,,,timeout,,,,
latin8-blk-00015.zdd,,,timeout,,,,
meteor.zdd,,,16.1732,,300,,
sppaa01.zdd,,,timeout,,,,
sppaa02.zdd,,,timeout,,,,
sppaa03.zdd,,,timeout,,,,
sppaa04.zdd,,,timeout,,,,
sppaa05.zdd,,,timeout,,,,
sppaa06.zdd,,,timeout,,,,
sppkl01.zdd,,,timeout,,,,
sppkl02.zdd,,,timeout,,,,
sppnw01.zdd,,,timeout,,,,
sppnw02.zdd,,,timeout,,,,
sppnw03.zdd,,,timeout,,,,
sppnw04.zdd,,,timeout,,,,
sppnw05.zdd,,,timeout,,,,
sppnw06.zdd,,,timeout,,,,
sppnw07.zdd,,,timeout,,,,
sppnw08.zdd,,,2.9276,,168255,,
sppnw09.zdd,,,timeout,,,,
sppnw10.zdd,,,4.9570,,193640,,
sppnw11.zdd,,,timeout,,,,
sppnw12.zdd,,,timeout,,,,
sppnw13.zdd,,,timeout,,,,
sppnw14.zdd,,,timeout,,,,
sppnw15.zdd,,,0.0881,,40,,
sppnw16.zdd,,,timeout,,,,
sppnw17.zdd,,,timeout,,,,
sppnw18.zdd,,,timeout,,,,
sppnw19.zdd,,,timeout,,,,
sppnw20.zdd,,,3.1278,,216884,,
sppnw21.zdd,,,2.1199,,110458,,
sppnw22.zdd,,,3.0628,,88884,,
sppnw23.zdd,,,0.4970,,13900,,
sppnw24.zdd,,,2.9924,,168257,,
sppnw25.zdd,,,7.4315,,433645,,
sppnw26.zdd,,,3.3694,,153702,,
sppnw27.zdd,,,3.4333,,264608,,
sppnw28.zdd,,,0.1635,,10122,,
sppnw29.zdd,,,125.0400,,8895932,,
sppnw30.zdd,,,22.4097,,870137,,
sppnw31.zdd,,,19.1015,,704124,,
sppnw32.zdd,,,0.4799,,37003,,
sppnw33.zdd,,,52.7764,,2202891,,
sppnw34.zdd,,,5.1350,,346079,,
sppnw35.zdd,,,5.3194,,106293,,
sppnw36.zdd,,,1.0166,,17223,,
sppnw37.zdd,,,18.6013,,1397617,,
sppnw38.zdd,,,4.1661,,85526,,
sppnw39.zdd,,,8.2258,,411289,,
sppnw40.zdd,,,2.3750,,161720,,
sppnw41.zdd,,,0.7944,,72292,,
sppnw42.zdd,,,3.8225,,49072,,
sppnw43.zdd,,,69.6694,,4660576,,
sppus02.zdd,,,timeout,,,,
sppus03.zdd,,,timeout,,,,
sppus04.zdd,,,timeout,,,,
sts15-blk-00001.zdd,,,0.0532,,576,,
sts15-blk-00002.zdd,,,0.0291,,288,,
sts15-blk-00003.zdd,,,0.0190,,144,,
sts15-blk-00004.zdd,,,0.0192,,144,,
sts15-blk-00005.zdd,,,0.0046 (WARNING: 0 solutions),,0,,
sts15-blk-00006.zdd,,,0.0073,,40,,
sts15-blk-00007.zdd,,,0.0056,,8,,
sts15-blk-00008.zdd,,,0.0073,,40,,
sts15-blk-00009.zdd,,,0.0056,,8,,
sts15-blk-00010.zdd,,,0.0124,,64,,
sts15-blk-00011.zdd,,,0.0048,,8,,
sts15-blk-00012.zdd,,,0.0061,,16,,
sts15-blk-00013.zdd,,,0.0051,,8,,
sts15-blk-00014.zdd,,,0.0020 (WARNING: 0 solutions),,0,,
sts15-blk-00015.zdd,,,0.0007 (WARNING: 0 solutions),,0,,
sts15-blk-00016.zdd,,,0.0007 (WARNING: 0 solutions),,0,,
sts15-blk-00017.zdd,,,0.0056,,16,,
sts15-blk-00018.zdd,,,0.0048,,8,,
sts15-blk-00019.zdd,,,0.0076,,32,,
sts15-blk-00020.zdd,,,0.0085,,28,,
sts15-blk-00021.zdd,,,0.0108,,40,,
sts15-blk-00022.zdd,,,0.0086,,24,,
sts15-blk-00023.zdd,,,0.0085,,20,,
sts15-blk-00024.zdd,,,0.0062,,16,,
sts15-blk-00025.zdd,,,0.0081,,20,,
sts15-blk-00026.zdd,,,0.0108,,40,,
sts15-blk-00027.zdd,,,0.0098,,40,,
sts15-blk-00028.zdd,,,0.0084,,24,,
sts15-blk-00029.zdd,,,0.0084,,16,,
sts15-blk-00030.zdd,,,0.0087,,20,,
sts15-blk-00031.zdd,,,0.0087,,20,,
sts15-blk-00032.zdd,,,0.0086,,24,,
sts15-blk-00033.zdd,,,0.0087,,48,,
sts15-blk-00034.zdd,,,0.0080,,24,,
sts15-blk-00035.zdd,,,0.0106,,48,,
sts15-blk-00036.zdd,,,0.0067,,16,,
sts15-blk-00037.zdd,,,0.0060,,8,,
sts15-blk-00038.zdd,,,0.0047,,8,,
sts15-blk-00039.zdd,,,0.0078,,24,,
sts15-blk-00040.zdd,,,0.0086,,32,,
sts15-blk-00041.zdd,,,0.0045 (WARNING: 0 solutions),,0,,
sts15-blk-00042.zdd,,,0.0090,,24,,
sts15-blk-00043.zdd,,,0.0084,,24,,
sts15-blk-00044.zdd,,,0.0077,,24,,
sts15-blk-00045.zdd,,,0.0086,,20,,
sts15-blk-00046.zdd,,,0.0074,,24,,
sts15-blk-00047.zdd,,,0.0069,,20,,
sts15-blk-00048.zdd,,,0.0077,,28,,
sts15-blk-00049.zdd,,,0.0039 (WARNING: 0 solutions),,0,,
sts15-blk-00050.zdd,,,0.0064,,16,,
sts15-blk-00051.zdd,,,0.0048 (WARNING: 0 solutions),,0,,
sts15-blk-00052.zdd,,,0.0048 (WARNING: 0 solutions),,0,,
sts15-blk-00053.zdd,,,0.0117,,48,,
sts15-blk-00054.zdd,,,0.0087,,20,,
sts15-blk-00055.zdd,,,0.0085,,28,,
sts15-blk-00056.zdd,,,0.0082,,20,,
sts15-blk-00057.zdd,,,0.0096,,24,,
sts15-blk-00058.zdd,,,0.0064,,16,,
sts15-blk-00059.zdd,,,0.0082,,36,,
sts15-blk-00060.zdd,,,0.0053,,16,,
sts15-blk-00061.zdd,,,0.0051,,24,,
sts15-blk-00062.zdd,,,0.0080,,24,,
sts15-blk-00063.zdd,,,0.0242,,192,,
sts15-blk-00064.zdd,,,0.0220,,144,,
sts15-blk-00065.zdd,,,0.0168,,96,,
sts15-blk-00066.zdd,,,0.0265,,288,,
sts15-blk-00067.zdd,,,0.0073,,24,,
sts15-blk-00068.zdd,,,0.0089,,28,,
sts15-blk-00069.zdd,,,0.0085,,16,,
sts15-blk-00070.zdd,,,0.0084,,36,,
sts15-blk-00071.zdd,,,0.0080,,20,,
sts15-blk-00072.zdd,,,0.0067,,16,,
sts15-blk-00073.zdd,,,0.0087,,20,,
sts15-blk-00074.zdd,,,0.0086,,16,,
sts15-blk-00075.zdd,,,0.0081,,20,,
sts15-blk-00076.zdd,,,0.0068,,16,,
sts15-blk-00077.zdd,,,0.0079,,20,,
sts15-blk-00078.zdd,,,0.0079,,20,,
sts15-blk-00079.zdd,,,0.0094,,36,,
sts15-blk-00080.zdd,,,0.0086,,16,,
sts15-blk-00081.zdd,,,0.0093,,20,,
sts15-blk-00082.zdd,,,0.0088,,24,,
sts15-blk-00083.zdd,,,0.0058 (WARNING: 0 solutions),,0,,
sts15-blk-00084.zdd,,,0.0091,,16,,
sts15-blk-00085.zdd,,,0.0073,,32,,
sts15-blk-00086.zdd,,,0.0081,,8,,
sts15-blk-00087.zdd,,,0.0087,,48,,
sts15-blk-00088.zdd,,,0.0073,,16,,
sts15-blk-00089.zdd,,,0.0090,,20,,
sts15-blk-00090.zdd,,,0.0089,,48,,
sts15-blk-00091.zdd,,,0.0082,,24,,
sts15-blk-00092.zdd,,,0.0087,,24,,
sts15-blk-00093.zdd,,,0.0086,,32,,
sts15-blk-00094.zdd,,,0.0070,,8,,
sts15-blk-00095.zdd,,,0.0054,,16,,
sts15-blk-00096.zdd,,,0.0066,,24,,
sts15-blk-00097.zdd,,,0.0070,,12,,
sts15-blk-00098.zdd,,,0.0068,,24,,
sts15-blk-00099.zdd,,,0.0071,,20,,
sts15-blk-00100.zdd,,,0.0073,,28,,
sts15-blk-00101.zdd,,,0.0051,,20,,
sts15-blk-00102.zdd,,,0.0081,,24,,
sts15-blk-00103.zdd,,,0.0053,,8,,
sts15-blk-00104.zdd,,,0.0080,,20,,
sts15-blk-00105.zdd,,,0.0095,,24,,
sts15-blk-00106.zdd,,,0.0078,,20,,
sts15-blk-00107.zdd,,,0.0091,,24,,
sts15-blk-00108.zdd,,,0.0131,,64,,
sts15-blk-00109.zdd,,,0.0080,,32,,
sts15-blk-00110.zdd,,,0.0100,,48,,
sts15-blk-00111.zdd,,,0.0091,,24,,
sts15-blk-00112.zdd,,,0.0063,,16,,
sts15-blk-00113.zdd,,,0.0039 (WARNING: 0 solutions),,0,,
sts15-blk-00114.zdd,,,0.0042 (WARNING: 0 solutions),,0,,
sts15-blk-00115.zdd,,,0.0082,,24,,
sts15-blk-00116.zdd,,,0.0080,,16,,
sts15-blk-00117.zdd,,,0.0036 (WARNING: 0 solutions),,0,,
sts15-blk-00118.zdd,,,0.0034 (WARNING: 0 solutions),,0,,
sts15-blk-00119.zdd,,,0.0060,,16,,
sts15-blk-00120.zdd,,,0.0088,,24,,
sts15-blk-00121.zdd,,,0.0067,,20,,
sts15-blk-00122.zdd,,,0.0061 (WARNING: 0 solutions),,0,,
sts15-blk-00123.zdd,,,0.0038 (WARNING: 0 solutions),,0,,
sts15-blk-00124.zdd,,,0.0042 (WARNING: 0 solutions),,0,,
sts15-blk-00125.zdd,,,0.0055,,16,,
sts15-blk-00126.zdd,,,0.0072,,24,,
sts15-blk-00127.zdd,,,0.0023 (WARNING: 0 solutions),,0,,
sts15-blk-00128.zdd,,,0.0081,,24,,
sts15-blk-00129.zdd,,,0.0095,,40,,
sts15-blk-00130.zdd,,,0.0091,,12,,
sts15-blk-00131.zdd,,,0.0079,,24,,
sts15-blk-00132.zdd,,,0.0094,,28,,
sts15-blk-00133.zdd,,,0.0075,,20,,
sts15-blk-00134.zdd,,,0.0096,,28,,
sts15-blk-00135.zdd,,,0.0088,,28,,
sts15-blk-00136.zdd,,,0.0062,,16,,
sts15-blk-00137.zdd,,,0.0085,,16,,
sts15-blk-00138.zdd,,,0.0082,,20,,
sts15-blk-00139.zdd,,,0.0046 (WARNING: 0 solutions),,0,,
sts15-blk-00140.zdd,,,0.0116,,48,,
sts15-blk-00141.zdd,,,0.0091,,20,,
sts15-blk-00142.zdd,,,0.0085,,20,,
sts15-blk-00143.zdd,,,0.0096,,16,,
sts15-blk-00144.zdd,,,0.0089,,16,,
sts15-blk-00145.zdd,,,0.0089,,24,,
sts15-blk-00146.zdd,,,0.0077,,28,,
sts15-blk-00147.zdd,,,0.0078,,28,,
sts15-blk-00148.zdd,,,0.0082,,28,,
sts15-blk-00149.zdd,,,0.0082,,24,,
sts15-blk-00150.zdd,,,0.0079,,16,,
sts15-blk-00151.zdd,,,0.0075,,28,,
sts15-blk-00152.zdd,,,0.0079,,24,,
sts15-blk-00153.zdd,,,0.0127,,64,,
sts15-blk-00154.zdd,,,0.0104,,40,,
sts15-blk-00155.zdd,,,0.0093,,40,,
sts15-blk-00156.zdd,,,0.0058,,8,,
sts15-blk-00157.zdd,,,0.0075,,24,,
sts19-blk-00001.zdd,,,timeout,,,,
sts19-blk-00002.zdd,,,timeout,,,,
sts19-blk-00003.zdd,,,timeout,,,,
sts19-blk-00004.zdd,,,timeout,,,,
sts19-blk-00005.zdd,,,timeout,,,,
sts19-blk-00006.zdd,,,timeout,,,,
sts19-blk-00007.zdd,,,timeout,,,,
sts19-blk-00008.zdd,,,timeout,,,,
sts19-blk-00009.zdd,,,timeout,,,,
sts19-blk-00010.zdd,,,timeout,,,,
sts19-blk-00011.zdd,,,timeout,,,,
sts19-blk-00012.zdd,,,timeout,,,,
sts19-blk-00013.zdd,,,timeout,,,,
sts19-blk-00014.zdd,,,timeout,,,,
sts19-blk-00015.zdd,,,timeout,,,,
sts19-blk-00016.zdd,,,timeout,,,,
sts19-blk-00017.zdd,,,timeout,,,,
sts19-blk-00018.zdd,,,timeout,,,,
sts19-blk-00019.zdd,,,timeout,,,,
sts19-blk-00020.zdd,,,timeout,,,,
sts19-blk-00021.zdd,,,timeout,,,,
sts19-blk-00022.zdd,,,timeout,,,,
sts19-blk-00023.zdd,,,timeout,,,,
sts19-blk-00024.zdd,,,timeout,,,,
sts19-blk-00025.zdd,,,timeout,,,,
sts19-blk-00026.zdd,,,timeout,,,,
sts19-blk-00027.zdd,,,timeout,,,,
sts19-blk-00028.zdd,,,timeout,,,,
sts19-blk-00029.zdd,,,timeout,,,,
sts19-blk-00030.zdd,,,timeout,,,,
sts19-blk-00031.zdd,,,timeout,,,,
sts19-blk-00032.zdd,,,timeout,,,,
sts19-blk-00033.zdd,,,timeout,,,,
sts19-blk-00034.zdd,,,timeout,,,,
sts19-blk-00035.zdd,,,timeout,,,,
sts19-blk-00036.zdd,,,timeout,,,,
sts19-blk-00037.zdd,,,timeout,,,,
sts19-blk-00038.zdd,,,timeout,,,,
sts19-blk-00039.zdd,,,timeout,,,,
sts19-blk-00040.zdd,,,timeout,,,,
sts19-blk-00041.zdd,,,timeout,,,,
sts19-blk-00042.zdd,,,timeout,,,,
sts19-blk-00043.zdd,,,timeout,,,,
sts19-blk-00044.zdd,,,timeout,,,,
sts19-blk-00045.zdd,,,timeout,,,,
sts19-blk-00046.zdd,,,timeout,,,,
sts19-blk-00047.zdd,,,timeout,,,,
sts19-blk-00048.zdd,,,timeout,,,,
sts19-blk-00049.zdd,,,timeout,,,,
sts19-blk-00050.zdd,,,timeout,,,,
sts19-blk-00051.zdd,,,timeout,,,,
sts19-blk-00052.zdd,,,timeout,,,,
sts19-blk-00053.zdd,,,timeout,,,,
sts19-blk-00054.zdd,,,timeout,,,,
sts19-blk-00055.zdd,,,timeout,,,,
sts19-blk-00056.zdd,,,timeout,,,,
sts19-blk-00057.zdd,,,timeout,,,,
sts19-blk-00058.zdd,,,timeout,,,,
sts19-blk-00059.zdd,,,timeout,,,,
sts19-blk-00060.zdd,,,timeout,,,,
sts19-blk-00061.zdd,,,timeout,,,,
sts19-blk-00062.zdd,,,timeout,,,,
sts19-blk-00063.zdd,,,timeout,,,,
sts19-blk-00064.zdd,,,timeout,,,,
sts19-blk-00065.zdd,,,timeout,,,,
sts19-blk-00066.zdd,,,timeout,,,,
sts19-blk-00067.zdd,,,timeout,,,,
sts19-blk-00068.zdd,,,timeout,,,,
sts19-blk-00069.zdd,,,timeout,,,,
sts19-blk-00070.zdd,,,timeout,,,,
sts19-blk-00071.zdd,,,timeout,,,,
sts19-blk-00072.zdd,,,timeout,,,,
sts19-blk-00073.zdd,,,timeout,,,,
sts19-blk-00074.zdd,,,timeout,,,,
sts19-blk-00075.zdd,,,timeout,,,,
sts19-blk-00076.zdd,,,timeout,,,,
sts19-blk-00077.zdd,,,timeout,,,,
sts19-blk-00078.zdd,,,timeout,,,,
sts19-blk-00079.zdd,,,timeout,,,,
sts19-blk-00080.zdd,,,timeout,,,,
sts19-blk-00081.zdd,,,timeout,,,,
sts19-blk-00082.zdd,,,timeout,,,,
sts19-blk-00083.zdd,,,timeout,,,,
sts19-blk-00084.zdd,,,timeout,,,,
sts19-blk-00085.zdd,,,timeout,,,,
sts19-blk-00086.zdd,,,timeout,,,,
sts19-blk-00087.zdd,,,timeout,,,,
sts19-blk-00088.zdd,,,timeout,,,,
sts19-blk-00089.zdd,,,timeout,,,,
sts19-blk-00090.zdd,,,timeout,,,,
sts19-blk-00091.zdd,,,timeout,,,,
sts19-blk-00092.zdd,,,timeout,,,,
sts19-blk-00093.zdd,,,timeout,,,,
sts19-blk-00094.zdd,,,timeout,,,,
sts19-blk-00095.zdd,,,timeout,,,,
sts19-blk-00096.zdd,,,timeout,,,,
sts19-blk-00097.zdd,,,timeout,,,,
sts19-blk-00098.zdd,,,timeout,,,,
sts19-blk-00099.zdd,,,timeout,,,,
sts19-blk-00100.zdd,,,timeout,,,,
sts19-blk-00101.zdd,,,timeout,,,,
sts19-blk-00102.zdd,,,timeout,,,,
sts19-blk-00103.zdd,,,timeout,,,,
sts19-blk-00104.zdd,,,timeout,,,,
sts19-blk-00105.zdd,,,timeout,,,,
sts19-blk-00106.zdd,,,timeout,,,,
sts19-blk-00107.zdd,,,timeout,,,,
sts19-blk-00108.zdd,,,timeout,,,,
sts19-blk-00109.zdd,,,timeout,,,,
sts19-blk-00110.zdd,,,timeout,,,,
sts19-blk-00111.zdd,,,timeout,,,,
sts19-blk-00112.zdd,,,timeout,,,,
sts19-blk-00113.zdd,,,timeout,,,,
sts19-blk-00114.zdd,,,timeout,,,,
sts19-blk-00115.zdd,,,timeout,,,,
sts19-blk-00116.zdd,,,timeout,,,,
sts19-blk-00117.zdd,,,timeout,,,,
sts19-blk-00118.zdd,,,timeout,,,,
sts19-blk-00119.zdd,,,timeout,,,,
sts19-blk-00120.zdd,,,timeout,,,,
sts19-blk-00121.zdd,,,timeout,,,,
sts19-blk-00122.zdd,,,timeout,,,,
sts19-blk-00123.zdd,,,timeout,,,,
sts19-blk-00124.zdd,,,timeout,,,,
sts19-blk-00125.zdd,,,timeout,,,,
sts19-blk-00126.zdd,,,timeout,,,,
sts19-blk-00127.zdd,,,timeout,,,,
sts19-blk-00128.zdd,,,timeout,,,,
sts19-blk-00129.zdd,,,timeout,,,,
sts19-blk-00130.zdd,,,timeout,,,,
sts19-blk-00131.zdd,,,timeout,,,,
sts19-blk-00132.zdd,,,timeout,,,,
sts19-blk-00133.zdd,,,timeout,,,,
sts19-blk-00134.zdd,,,timeout,,,,
sts19-blk-00135.zdd,,,timeout,,,,
sts19-blk-00136.zdd,,,timeout,,,,
sts19-blk-00137.zdd,,,timeout,,,,
sts19-blk-00138.zdd,,,timeout,,,,
sts19-blk-00139.zdd,,,timeout,,,,
sts19-blk-00140.zdd,,,timeout,,,,
sts19-blk-00141.zdd,,,timeout,,,,
sts19-blk-00142.zdd,,,timeout,,,,
sts19-blk-00143.zdd,,,timeout,,,,
sts19-blk-00144.zdd,,,timeout,,,,
sts19-blk-00145.zdd,,,timeout,,,,
sts19-blk-00146.zdd,,,timeout,,,,
sts19-blk-00147.zdd,,,timeout,,,,
sts19-blk-00148.zdd,,,timeout,,,,
sts19-blk-00149.zdd,,,timeout,,,,
sts19-blk-00150.zdd,,,timeout,,,,
sts19-blk-00151.zdd,,,timeout,,,,
sts19-blk-00152.zdd,,,timeout,,,,
sts19-blk-00153.zdd,,,timeout,,,,
sts19-blk-00154.zdd,,,timeout,,,,
sts19-blk-00155.zdd,,,timeout,,,,
sts19-blk-00156.zdd,,,timeout,,,,
sts19-blk-00157.zdd,,,timeout,,,,
sts19-blk-00158.zdd,,,timeout,,,,
sts19-blk-00159.zdd,,,timeout,,,,
sts19-blk-00160.zdd,,,timeout,,,,
sts19-blk-00161.zdd,,,timeout,,,,
sts19-blk-00162.zdd,,,timeout,,,,
sts19-blk-00163.zdd,,,timeout,,,,
sts19-blk-00164.zdd,,,timeout,,,,
sts19-blk-00165.zdd,,,timeout,,,,
sts19-blk-00166.zdd,,,timeout,,,,
sts19-blk-00167.zdd,,,timeout,,,,
sts19-blk-00168.zdd,,,timeout,,,,
sts19-blk-00169.zdd,,,timeout,,,,
sts19-blk-00170.zdd,,,timeout,,,,
sts19-blk-00171.zdd,,,timeout,,,,
sts19-blk-00172.zdd,,,timeout,,,,
sts19-blk-00173.zdd,,,timeout,,,,
sts19-blk-00174.zdd,,,timeout,,,,
sts19-blk-00175.zdd,,,timeout,,,,
sts19-blk-00176.zdd,,,timeout,,,,
sts19-blk-00177.zdd,,,timeout,,,,
sts19-blk-00178.zdd,,,timeout,,,,
sts19-blk-00179.zdd,,,timeout,,,,
sts19-blk-00180.zdd,,,timeout,,,,
sts19-blk-00181.zdd,,,timeout,,,,
sts19-blk-00182.zdd,,,timeout,,,,
sts19-blk-00183.zdd,,,timeout,,,,
sts19-blk-00184.zdd,,,timeout,,,,
sts19-blk-00185.zdd,,,timeout,,,,
sts19-blk-00186.zdd,,,timeout,,,,
sts19-blk-00187.zdd,,,timeout,,,,
sts19-blk-00188.zdd,,,timeout,,,,
sts19-blk-00189.zdd,,,timeout,,,,
sts19-blk-00190.zdd,,,timeout,,,,
sts19-blk-00191.zdd,,,timeout,,,,
sts19-blk-00192.zdd,,,timeout,,,,
sts19-blk-00193.zdd,,,timeout,,,,
sts19-blk-00194.zdd,,,timeout,,,,
sts19-blk-00195.zdd,,,timeout,,,,
sts19-blk-00196.zdd,,,timeout,,,,
sts19-blk-00197.zdd,,,timeout,,,,
sts19-blk-00198.zdd,,,timeout,,,,
sts19-blk-00199.zdd,,,timeout,,,,
sts19-blk-00200.zdd,,,timeout,,,,
tetrominoes_4x5.zdd,,,0.0359,,454,,
tetrominoes_4x7.zdd,,,0.5313,,9157,,
tetrominoes_6x6.zdd,,,13.3360,,178939,,
tetrominoes_6x8.zdd,,,timeout,,,,
tetrominoes_8x8.zdd,,,timeout,,,,
